Designator,Comment,Layer,Footprint,Center-X(mm),Center-Y(mm),Rotation
R318,10R,B,402,40.7251mm,23.4376mm,90
R299,200R,B,402,44.0999mm,26.3124mm,270
R298,200R,B,402,35.6999mm,26.3124mm,270
R294,1k,B,402,37.3124mm,23.0001mm,180
R293,200R,B,402,47.0001mm,28.3876mm,90
R250,200R,B,402,38.6001mm,28.3876mm,90
R243,510R,B,402,35.6999mm,24.1124mm,270
R226,4.7K,B,402,40.0249mm,28.3874mm,270
R208,4.7K,B,402,39.1876mm,22.9999mm,0
R202,4.7K,B,402,48.3999mm,28.3874mm,270
R201,4.7K,B,402,47.5876mm,22.9999mm,0
Q10,BC807,B,SOT-23,47.0000mm,25.5000mm,90
Q9,BC807,B,SOT-23,38.6000mm,25.5000mm,90
C233,100nF,T,0402C,60.0750mm,35.7500mm,0
C230,100nF,T,0402C,62.8750mm,35.7500mm,180
C221,100nF,T,0402C,43.0500mm,41.7500mm,180
U50,TLP185,T,SOP-4-2.54MM,53.5250mm,25.1250mm,180
U55,TLP185,T,SOP-4-2.54MM,47.0250mm,25.1250mm,180
U54,TLP185,T,SOP-4-2.54MM,34.5250mm,25.1250mm,180
U53,TLP185,T,SOP-4-2.54MM,38.7250mm,25.1250mm,180
U52,TLP185,T,SOP-4-2.54MM,42.9250mm,25.1250mm,180
R238,510R,B,402,44.0999mm,24.1124mm,270
R198,10R,B,402,59.8251mm,23.4376mm,90
R194,200R,B,402,63.1999mm,26.3124mm,270
R191,200R,B,402,54.7999mm,26.3124mm,270
R187,1k,B,402,56.4124mm,23.0001mm,180
R186,200R,B,402,66.1001mm,28.3876mm,90
R179,200R,B,402,57.7001mm,28.3876mm,90
R176,510R,B,402,54.7999mm,24.1124mm,270
R175,510R,B,402,63.1999mm,24.1124mm,270
R148,4.7K,B,402,56.4999mm,28.3874mm,270
R144,4.7K,B,402,58.2876mm,22.9999mm,0
R23,4.7K,B,402,65.0249mm,28.4124mm,270
R16,4.7K,B,402,66.6876mm,22.9999mm,0
Q5,BC807,B,SOT-23,66.1000mm,25.5000mm,90
Q4,BC807,B,SOT-23,57.7000mm,25.5000mm,90
U49,TLP185,T,SOP-4-2.54MM,57.7250mm,25.1250mm,180
U48,TLP185,T,SOP-4-2.54MM,61.9250mm,25.1250mm,180
U51,TLP185,T,SOP-4-2.54MM,66.1250mm,25.1250mm,180
U47,TXS0102DCUR,T,SOP50P310X100-8N,31.3750mm,43.1000mm,0
U46,HEF4052BT,T,SOIC127P600X175-16N,41.9000mm,35.9050mm,0
R86,27k,T,402,36.3874mm,45.9249mm,180
R85,4.7K,B,402,75.8999mm,105.3124mm,270
C232,1nF,T,1206C,143.8000mm,133.9000mm,270
C231,1nF,T,1206C,143.9000mm,150.9000mm,270
R225,2.2R,T,402,118.0876mm,19.3001mm,0
R223,2.2R,T,402,120.4876mm,18.0001mm,0
R221,2.2R,T,402,118.0876mm,16.7001mm,0
R218,2.2R,T,402,120.5876mm,15.5001mm,0
R216,2.2R,T,402,118.0876mm,18.3001mm,0
R214,2.2R,T,402,120.4876mm,17.0001mm,0
R207,2.2R,T,402,118.0876mm,15.7001mm,0
R200,2.2R,T,402,120.5876mm,14.4001mm,0
C212,100nF,B,0402C,133.7000mm,140.9000mm,0
C87,100nF,B,0402C,135.8000mm,145.8000mm,180
C86,18pF,B,0402C,135.4000mm,95.8000mm,0
R110,22R,B,0402R,135.4000mm,90.5000mm,0
R111,22R,B,0402R,135.4000mm,91.6000mm,0
R112,22R,B,0402R,135.4000mm,92.7000mm,0
R113,22R,B,0402R,135.4000mm,97.2000mm,0
R114,22R,B,0402R,135.4000mm,98.3000mm,0
R116,100R,B,0402R,135.4000mm,99.4000mm,0
U4,TLV803RDBZR,B,SOT_233_W,132.4000mm,99.8000mm,180
R228,10K,B,0402R,129.3000mm,98.6000mm,0
R174,0R,B,402,129.2876mm,99.6999mm,0
DT15,TPD4E05U06DQAR,B,USON-10,137.5000mm,92.2000mm,270
DT18,TPD4E05U06DQAR,B,USON-10,137.5150mm,97.7000mm,90
C119,33pF,T,0402C,133.5000mm,89.5000mm,0
C120,33pF,T,0402C,133.5000mm,90.6000mm,0
C121,33pF,T,0402C,133.4000mm,87.3000mm,0
R167,15k,T,402,133.4375mm,88.4000mm,180
R168,4.7K,T,402,133.5124mm,91.6999mm,180
DT8,TPD4E05U06DQAR,T,USON-10,135.7000mm,90.0000mm,270
U44,TCAN1044VDDFR,B,SOT65P280X100-8N,134.5000mm,143.4000mm,0
U45,TCAN1044VDDFR,B,SOT65P280X100-8N,139.9000mm,133.9000mm,270
P57,1803293,T,HEADER_4_3.81_2EDGR,147.0000mm,129.2950mm,270
P30,1803293,T,HEADER_4_3.81_2EDGR,147.0000mm,146.6150mm,270
R106,59R,B,0402R,138.6000mm,129.5000mm,0
R105,59R,B,0402R,137.6000mm,141.2000mm,90
R102,59R,B,0402R,141.6800mm,129.5000mm,180
R101,59R,B,0402R,137.6000mm,144.4000mm,270
G2,3RM090M-5-S,T,GDT2030,141.1000mm,125.9000mm,90
G1,3RM090M-5-S,T,GDT2030,141.0500mm,143.2000mm,90
F17,0.15A 60V,B,1206F,144.2000mm,128.1800mm,270
F16,0.15A 60V,B,1206F,144.3000mm,122.7800mm,90
F15,0.15A 60V,B,1206F,144.2000mm,145.5000mm,270
F13,0.15A 60V,B,1206F,144.3000mm,140.1000mm,90
DT33,BST23C152V,B,SOT_233_N,140.8500mm,125.4800mm,180
DT32,BST23C152V,B,SOT_233_N,140.8500mm,142.8000mm,180
C173,100nF,B,0402C,139.9000mm,136.4000mm,0
C170,100nF,T,0402C,29.8250mm,45.3500mm,270
C167,56pF,B,0402C,138.6000mm,128.3000mm,180
C163,56pF,B,0402C,138.8000mm,141.2000mm,270
C160,56pF,B,0402C,141.6800mm,128.3000mm,0
C138,56pF,B,0402C,138.8000mm,144.4000mm,90
C112,4.7nF,B,0402C,140.1800mm,129.1500mm,90
C109,4.7nF,B,0402C,137.9500mm,142.8000mm,180
C88,100nF,B,0402C,137.7000mm,134.3000mm,270
P27,AS0BC21-S40BB-7H,B,M.2_B_4G5G,126.3500mm,65.4500mm,0
R259,2.2k,B,402,25.5876mm,113.6999mm,0
R258,100R,B,402,25.5876mm,112.5999mm,0
C91,1uF,B,0402C,27.1000mm,113.1000mm,270
R142,0R,B,402,24.1001mm,115.1876mm,90
F5,6V 1.1A,B,0805_HV,147.5000mm,104.5000mm,0
C208,2.2uF,B,0805C,42.7000mm,16.6000mm,0
C204,2.2uF,B,0805C,63.6000mm,16.6000mm,0
DT31,RClamp0502B,B,SOT_523,11.7125mm,107.4000mm,0
F12,36V 3A,T,2920F,72.3000mm,13.0000mm,270
F9,36V 3A,T,2920F,81.5000mm,16.5000mm,0
P19,PZ254V-12-14P,T,HDR254P_2x7,56.1800mm,32.4550mm,0
U10,RTL8211FSI-CG,T,QFN48P_0.4BSC_6*6_H,112.4988mm,123.1000mm,270
R261,22R,T,402,116.9999mm,123.6876mm,90
R141,100k,T,0402R,66.3000mm,35.4000mm,270
P6,HDR2x1,T,header2x1,68.8000mm,33.6300mm,90
U43,SN74LVC1G3157DBVR,B,SOT23-6,112.6000mm,41.1000mm,90
U42,SN74LVC1G3157DBVR,T,SOT23-6,36.3000mm,84.0000mm,180
U40,SN74LVC1G3157DBVR,T,SOT23-6,39.8000mm,84.0000mm,180
R140,1k,T,0402R,66.3000mm,33.5000mm,90
R139,10k,T,402,33.4876mm,83.7001mm,0
C329,100nF,B,0402C,117.1000mm,40.6000mm,90
C154,100nF,T,0402C,38.6000mm,80.8000mm,180
C148,100nF,T,0402C,33.5000mm,82.6000mm,0
P3A,10401121,T,SOCKET_80PIN_0.5MM,34.5429mm,91.1500mm,270
R133,49.9R,B,402,112.8999mm,47.0124mm,270
R119,49.9R,B,402,102.4001mm,46.4876mm,90
R44,49.9R,T,402,101.3876mm,41.6001mm,0
U41,PI3PCIE3212ZBEX,B,QFN50P250X450X100-21N-R115X315,42.4000mm,62.8000mm,90
C328,100nF,T,0402C,39.9000mm,62.8000mm,270
C37,100nF,T,0402C,44.6500mm,62.8000mm,270
C327,100nF,T,0402C,42.8000mm,84.5000mm,180
C151,100nF,T,0402C,43.0000mm,75.3000mm,180
R360,0R,T,402,107.3001mm,39.3124mm,270
R359,0R,T,402,110.0001mm,39.2124mm,270
R358,0R,T,402,108.4001mm,39.3124mm,270
C27,22uF,T,0603C,20.8000mm,88.7000mm,0
C20,100nF,B,0402C,135.1000mm,110.7000mm,180
R357,0R,B,402,148.5876mm,60.9999mm,0
R351,0R,B,402,148.6124mm,64.3001mm,180
R356,0R,T,402,65.4876mm,55.2001mm,0
R353,0R,T,402,65.4876mm,56.2001mm,0
R352,0R,T,402,105.7001mm,39.3124mm,270
R349,0R,T,402,32.9999mm,85.7876mm,90
R348,0R,T,402,31.9999mm,85.7876mm,90
R347,0R,T,402,33.9999mm,85.7876mm,90
R346,0R,T,402,30.9999mm,85.7876mm,90
P43,HDR2x1,T,header2x1,40.3000mm,116.8700mm,270
P38,HDR2x1,T,header2x1,46.2746mm,116.8700mm,270
P35,HDR2x1,T,header2x1,43.3000mm,116.8700mm,270
C82,4.7uF,B,0402C,133.5000mm,126.6000mm,180
R345,0R,B,402,73.5999mm,105.4124mm,270
R344,0R,B,402,27.1001mm,115.1876mm,90
R343,0R,B,402,55.2749mm,96.3001mm,180
R342,0R,B,402,55.2749mm,97.3001mm,180
C326,22uF,B,0805C,129.7920mm,30.6080mm,90
C325,100nF,B,0402C,134.4000mm,33.5000mm,270
C324,100nF,B,0402C,133.3000mm,33.5000mm,270
X4,37.4MHZ,T,Crystals_3225,24.3250mm,132.0000mm,90
U22,RT9013-18GB,B,SOT_235,42.6000mm,128.8000mm,270
U15,BR93G66F-3GTE2,B,SOIC127P600X175-8N,34.2000mm,117.5000mm,180
U12,SY6288CAAC,B,SOT_235,3.4000mm,124.6000mm,180
R337,1k,B,402,3.9124mm,103.7001mm,180
R336,1M,B,1206R,111.2000mm,151.3000mm,90
R335,10R,B,402,35.4001mm,139.6876mm,90
R334,49.9R,B,402,39.7876mm,136.3999mm,0
R333,49.9R,B,402,38.0999mm,133.5124mm,270
R332,330R,B,0402R,25.9000mm,146.7000mm,90
R331,330R,B,0402R,24.7000mm,146.7000mm,90
R330,49.9R,B,402,36.8001mm,139.6876mm,90
R329,49.9R,B,402,32.9999mm,133.5124mm,270
R321,10K,B,402,43.6000mm,132.0375mm,90
R320,10k,B,402,38.4001mm,118.8876mm,90
R319,10k,B,402,38.4999mm,121.8124mm,270
R317,12k,B,402,30.5001mm,130.2876mm,90
R316,10k,B,402,27.8876mm,124.8999mm,0
P33,USB_A_H_Double,T,USB_A_F_W_D,13.7202mm,126.5300mm,270
J5,HR913550AE,T,HR913550AE,34.9250mm,142.1050mm,0
IC4,LAN9513-JZX,T,QFN50P900X900X100-65N-S735,34.4000mm,126.1000mm,0
FB15,120ohm,T,0402C,40.8000mm,132.1000mm,90
FB14,120ohm,T,0402C,40.8000mm,128.8000mm,90
F8,6V 1.1A,B,0805_HV,8.4000mm,126.7000mm,180
DT30,RClamp0502B,T,SOT_523,19.9875mm,126.5000mm,0
C323,100nF,B,0402C,30.0000mm,125.9000mm,0
C322,1nF,T,1206C,6.9000mm,136.5000mm,0
C321,1nF,B,1206C,108.5000mm,151.2000mm,90
C320,22nF,B,0402C,34.3000mm,139.7000mm,270
C319,100nF,B,0402C,11.5601mm,126.1300mm,90
C318,100nF,B,0402C,11.6000mm,130.1000mm,270
C317,100nF,B,0402C,30.1167mm,122.9048mm,180
C313,1uF,B,0402C,30.1500mm,121.9000mm,0
C312,100nF,B,0402C,29.7000mm,118.9000mm,270
C311,1uF,B,0402C,42.1000mm,131.6000mm,0
C310,100nF,B,0402C,2.3000mm,127.0000mm,180
C277,100nF,B,0402C,2.4500mm,132.9000mm,180
C276,100nF,T,0402C,39.7000mm,132.1000mm,90
C267,100nF,B,0402C,34.1000mm,130.4000mm,270
C266,100nF,B,0402C,30.0000mm,127.9000mm,0
C254,100nF,B,0402C,35.2000mm,130.4000mm,270
DT29,RClamp0502B,T,SOT_523,143.1000mm,10.2875mm,90
DT28,RClamp0502B,B,SOT_523,138.8125mm,104.9000mm,180
R315,0R,B,402,94.4876mm,107.7999mm,0
R279,0R,B,402,115.5876mm,118.3999mm,0
R278,0R,T,402,84.9161mm,115.2702mm,90
R277,0R,T,402,106.4987mm,125.7876mm,90
R146,1.5k,B,402,89.5999mm,87.9624mm,270
R147,1.5k,B,402,90.7999mm,87.9624mm,270
R276,27K,B,402,122.8000mm,17.2000mm,90
Q7,2SK3018,B,SOT323,122.8000mm,14.7985mm,0
C128,100uF,T,0805C,9.9000mm,30.3000mm,180
C127,100uF,T,0805C,10.1000mm,24.5000mm,180
C126,100uF,T,0805C,18.4040mm,35.0170mm,270
C125,100uF,T,0805C,20.4040mm,35.0170mm,270
R314,22R,T,402,95.1999mm,113.1876mm,90
R313,22R,T,402,96.2999mm,113.1876mm,90
R312,22R,T,402,64.5876mm,92.6001mm,0
R311,22R,T,402,64.5876mm,93.7001mm,0
R310,22R,T,402,90.5161mm,105.9702mm,90
R309,22R,T,402,89.5161mm,105.9702mm,90
R308,22R,T,402,88.5161mm,105.9702mm,90
R307,22R,T,402,87.5161mm,105.9702mm,90
R306,22R,T,402,85.5122mm,109.6826mm,0
R305,22R,T,402,85.5038mm,110.6827mm,0
R304,22R,T,402,64.7876mm,88.8001mm,0
R303,22R,T,402,85.5122mm,111.6826mm,0
R284,22R,T,402,67.8999mm,92.1876mm,90
R281,22R,T,402,64.5876mm,90.5001mm,0
R280,22R,T,402,66.6999mm,92.1876mm,90
R262,22R,T,402,64.5876mm,91.6001mm,0
R260,22R,T,402,118.0999mm,123.6876mm,90
J4,1-2199230-6,T,TE_1-2199230-6,126.3500mm,65.7375mm,180
R248,4.7K,T,402,115.1999mm,10.0002mm,90
R247,47K,T,402,99.7124mm,19.3999mm,180
D19,LED_G,T,0603LED_G,115.2000mm,4.2000mm,270
D18,LED_G,T,0603LED_G,102.4000mm,19.4000mm,0
DT14,ESD5451N-2/TR,B,0402TVS,9.9000mm,112.7000mm,270
DT13,ESD5451N-2/TR,B,0402TVS,3.9500mm,108.7750mm,0
R242,100R,B,402,4.6001mm,35.2876mm,90
R241,2.2k,B,402,4.9876mm,33.8999mm,0
C106,100nF,B,0402C,2.9000mm,36.0000mm,0
C107,1uF,B,0402C,5.7000mm,35.3000mm,270
C33,100nF,B,0402C,134.0833mm,72.3000mm,0
C25,100nF,B,0402C,135.9000mm,72.3000mm,180
C24,100nF,B,0402C,134.0833mm,71.3000mm,0
C23,100nF,B,0402C,116.8000mm,73.1000mm,0
U18,24FC256T-I/SN,B,SOIC127P600X175-8N,44.4375mm,90.8749mm,180
C14,100nF,B,0402C,45.1000mm,94.9000mm,270
C11,100nF,B,0402C,152.5250mm,121.7500mm,270
R197,33K_1%,T,0402R,138.7000mm,66.0750mm,0
R212,1.8k,B,0402R,74.8000mm,105.4000mm,90
Q6,2SK3018,B,SOT323,78.0985mm,105.2000mm,270
LS1,QMB-09B-03,T,CUI_CST-951AP,77.2000mm,107.5000mm,0
D13,1N4148W,B,SOD_123,77.1000mm,109.8000mm,180
P41,HDR2x1,T,header2x1,49.2746mm,116.8700mm,270
C296,100nF,B,0402C,50.7000mm,116.7000mm,90
K1,KEY,T,SW_SMT_1,150.5000mm,59.8925mm,0
DT7,ESD5451N-2/TR,T,0402TVS,135.3000mm,9.4000mm,0
DT5,ESD5451N-2/TR,T,0402TVS,137.9000mm,9.4000mm,180
U9,CP2102N-A02-GQFN28R,T,QFN28P_0.5BSC_5*5_H,137.3500mm,13.4500mm,180
P25,Header 3_2.54DPZ,T,HEADER_3_2.54_DPZ,135.5000mm,4.7400mm,270
R234,4.7K,B,402,139.5376mm,16.0499mm,0
F7,6V 1.1A,B,0805_HV,142.3000mm,7.3000mm,0
C295,100nF,B,0402C,151.1000mm,103.3000mm,180
C291,22uF,B,0603C,151.1874mm,104.7000mm,180
P22,PZ254V-11-07P,T,HEADER254_7Pin,63.1200mm,111.6000mm,180
J2,SATA_IDE_DIP_4Pin,T,TE_641737-1,146.7400mm,25.7000mm,90
J1,SATA30_7P_V_DIP,T,AMPHENOL_SAT3M2132072TR,145.5200mm,48.5000mm,90
P20,PZ254V-12-14P,T,HDR254P_2x7,63.1200mm,105.3300mm,180
P7,PZ254V-12-14P,T,HDR254P_2x7,39.1200mm,105.2300mm,180
R370,1M,B,1206R,127.1000mm,5.9000mm,270
Q24,AO 3400A,B,SOT_233_W,24.0000mm,59.9000mm,90
Q22,AO 3401,B,SOT_233_W,24.0000mm,63.9000mm,270
Q21,AO 3400A,B,SOT_233_W,31.6000mm,58.5500mm,0
P16,M.2_E-Key,B,M.2_E-KEY,33.1499mm,71.6000mm,90
C286,1nF,B,1206C,129.8000mm,5.8000mm,270
C284,22uF,B,0805C,26.9000mm,64.1000mm,270
U25,HEF4052BT,T,SOIC127P600X175-16N,32.9000mm,36.0000mm,0
R355,4.7K,B,402,28.9000mm,59.0000mm,90
R354,10K,B,402,33.7000mm,57.2000mm,180
R296,10K,B,402,27.2000mm,61.5000mm,0
R295,1k,B,402,26.4000mm,58.8000mm,270
R292,4.7K,B,402,26.8000mm,76.7000mm,180
R291,4.7K,B,402,26.8000mm,75.6000mm,180
R290,4.7K,B,402,27.2000mm,74.1000mm,180
R288,0R,B,402,27.1876mm,67.5999mm,0
R287,0R,B,402,27.1876mm,70.0999mm,0
R249,2.2k,B,402,22.9164mm,42.0171mm,180
R246,0R,B,402,27.1876mm,71.9999mm,0
R245,2.2k,B,402,24.9999mm,38.1124mm,270
R244,10K,T,402,27.2374mm,40.9249mm,180
R233,499R,B,0402R,120.5501mm,14.3999mm,180
R232,499R,B,0402R,120.5501mm,15.3999mm,180
R231,499R,B,0402R,118.1100mm,15.6750mm,180
R230,499R,B,0402R,118.1101mm,16.6750mm,180
R229,499R,B,0402R,120.5100mm,16.9750mm,180
R127,49.9R,B,402,105.3999mm,47.6124mm,270
R118,49.9R,T,402,101.3876mm,43.6001mm,0
R7,22R,B,0402R,102.8000mm,43.1000mm,180
R6,22R,B,0402R,103.4000mm,46.5000mm,90
R5,22R,B,0402R,104.4000mm,46.5000mm,90
R4,22R,B,0402R,111.4000mm,46.6000mm,0
C285,100nF,B,0402C,27.7000mm,79.5000mm,270
C282,100nF,B,0402C,39.6833mm,70.2000mm,180
C281,100nF,B,0402C,39.6833mm,69.1000mm,180
C280,100nF,B,0402C,27.2000mm,60.5000mm,0
C253,4.7uF,B,0402C,120.8500mm,12.1000mm,180
C195,100nF,B,0402C,7.4000mm,100.8000mm,0
C194,1uF,B,0402C,7.4000mm,99.8000mm,0
C193,100nF,T,0402C,12.4000mm,104.8833mm,270
C192,100nF,T,0402C,11.4000mm,104.8833mm,270
C191,100nF,T,0402C,12.8000mm,110.5000mm,270
C190,100nF,T,0402C,11.8000mm,110.5000mm,270
C189,100nF,B,0402C,15.2833mm,106.9000mm,0
C188,100nF,B,0402C,15.2833mm,107.9000mm,0
C183,100nF,T,0402C,32.7500mm,45.3750mm,270
C19,1uF,B,0402C,11.1000mm,70.6000mm,270
U8,SY6288CAAC,B,SOT_235,3.4000mm,130.5000mm,180
U39,PI3PCIE3412AZHEX,B,QFN50P350X900X84-43N-R215X765,106.3000mm,54.4000mm,180
R172,12.4k,B,402,37.4001mm,130.5876mm,90
R173,10k,B,402,38.7876mm,126.6999mm,0
R170,10k,B,402,27.8876mm,123.8999mm,0
R165,1M,T,402,26.7249mm,131.8876mm,90
R328,0R,B,402,5.9876mm,46.1999mm,0
R326,0R,B,402,3.8124mm,32.9001mm,180
R325,0R,B,402,2.8876mm,37.0999mm,0
R324,0R,B,402,7.9999mm,34.7874mm,270
R323,0R,B,402,9.5124mm,44.7502mm,180
R302,47K,B,402,103.3001mm,12.1876mm,90
R301,100k,B,0402R,102.0000mm,12.2000mm,270
R300,1k,B,0402R,108.4000mm,13.6000mm,180
R289,100k,B,0402R,108.4000mm,11.6000mm,0
R286,47K,B,402,106.4876mm,14.6999mm,0
R285,100k,B,0402R,108.4000mm,14.7000mm,0
R236,47K,B,402,9.9749mm,6.6001mm,180
R227,100k,B,0402R,9.9625mm,5.5000mm,0
R224,100k,B,0402R,4.2000mm,7.6000mm,180
R222,1k,B,0402R,4.2625mm,6.5000mm,180
R219,47K,B,402,4.2501mm,5.4999mm,0
R217,47K,B,402,9.9501mm,4.3999mm,0
R215,100k,T,0402R,4.2167mm,2.3048mm,180
R193,10K,B,402,110.1124mm,20.1001mm,180
R192,10K,B,402,110.1124mm,18.6001mm,180
Q13,2SK3018,B,SOT323,127.3015mm,11.1000mm,90
Q12,BSS138BKS,B,SOT-363,105.6000mm,12.6000mm,180
Q11,BSS138BKS,B,SOT-363,7.0625mm,5.5000mm,0
Q2,BSS138BKS,T,SOT-363,35.4500mm,43.8750mm,0
P61,TYPE-C,T,USB_TYPE-C_S,108.0000mm,5.2000mm,0
P9,#NAME?,T,MOLEX_39-30-1060,61.5000mm,13.0000mm,180
IC3,PI3PCIE3412AZHEX,B,QFN50P350X900X84-43N-R215X765,90.8000mm,46.4000mm,90
IC2,PI3PCIE3412AZHEX,B,QFN50P350X900X84-43N-R215X765,42.1000mm,80.0000mm,0
F6,6V 1.1A,B,0805_HV,8.4000mm,129.9000mm,180
F14,6V 4A,B,0805_HV,108.7000mm,8.7000mm,180
F11,36V 3A,B,2920F,51.2000mm,11.8000mm,90
F10,36V 3A,B,2920F,72.3000mm,13.0000mm,90
DT4,RClamp0502B,T,SOT_523,19.9875mm,124.3000mm,0
DT27,ESD5341N,B,ESD5341N,124.6000mm,8.3000mm,0
DT26,ESD5341N,B,ESD5341N,118.4000mm,13.9000mm,90
DT25,ESD5341N,B,ESD5341N,116.1000mm,13.8000mm,90
DT24,ESD5341N,B,ESD5341N,121.8000mm,7.1500mm,270
DT23,ESD5341N,B,ESD5341N,122.9000mm,7.1500mm,270
DPoE1,SI9407BDY-T1-E3,T,SOIC127P600X175-8N,106.4000mm,13.7000mm,180
DMB,SI9407BDY-T1-E3,T,SOIC127P600X175-8N,7.5000mm,6.7000mm,0
C181,100nF,B,0402C,38.8000mm,125.5000mm,180
C185,100nF,B,0402C,38.8000mm,129.9000mm,180
C174,33pF,T,0402C,21.8250mm,130.7000mm,90
C184,33pF,T,0402C,21.8250mm,133.3000mm,270
C177,100nF,B,0402C,35.9000mm,121.8000mm,90
C75,100nF,B,0402C,31.6000mm,121.8000mm,90
C74,4.7uF,B,0402C,37.0000mm,121.8000mm,270
C186,100nF,B,0402C,38.8000mm,128.9000mm,180
C180,100nF,B,0402C,31.7000mm,130.3000mm,270
C309,220uF,B,CAPMP7343X310N,147.1000mm,30.3000mm,270
C308,220uF,B,CAPMP7343X310N,147.1000mm,21.0000mm,90
C307,10nF,T,0402C,108.2167mm,64.0000mm,0
C306,10nF,T,0402C,141.6000mm,49.8000mm,0
C305,10nF,T,0402C,108.2167mm,65.1000mm,0
C304,10nF,T,0402C,141.6000mm,51.0000mm,0
C303,100nF,B,0402C,108.4000mm,12.6000mm,180
C302,100uF,B,0805C,104.6160mm,18.5000mm,180
C301,100nF,B,0402C,100.0000mm,16.3000mm,270
C300,100nF,B,0402C,108.4000mm,15.7000mm,0
C299,22uF,B,0603C,111.3874mm,10.8000mm,180
C298,100nF,T,0402C,40.3000mm,78.7000mm,180
C297,100nF,T,0402C,41.1500mm,75.3000mm,180
C294,100nF,T,0402C,108.0000mm,56.7000mm,270
C293,100nF,T,0402C,108.0000mm,58.8000mm,90
C292,100nF,T,0402C,106.3000mm,49.9000mm,180
C290,100nF,T,0402C,105.0000mm,66.9000mm,0
C289,100nF,T,0402C,93.9000mm,44.3000mm,180
C288,100nF,T,0402C,86.7000mm,47.8000mm,180
C287,100nF,T,0402C,86.7000mm,46.4000mm,180
C214,220uF,T,CAPMP7343X310N,48.6000mm,145.8000mm,270
C213,100nF,B,0402C,4.2625mm,4.5000mm,0
C209,100nF,T,0402C,4.2167mm,3.4048mm,180
C205,22uF,T,0805C,5.9000mm,10.9000mm,180
C132,22uF,T,0603C,66.9000mm,52.5000mm,270
Q3,BSS138BKS,B,SOT-363,113.7000mm,18.7826mm,270
C153,22uF,T,0603C,65.2000mm,52.5000mm,270
IC1,TPS54560DDAR,T,SOIC127P600X175-9N,76.2500mm,22.9000mm,0
U38,NAU88C22YG,T,QFN32P_0.5BSC_5*5_H_3..65*3.65,18.9000mm,40.1000mm,180
U34,AP7370-33SA-7,B,SOT_233_N,19.4000mm,34.8000mm,270
U33,RT9013-18GB,T,SOT_235,27.1000mm,43.5000mm,90
U32,FUSB302BMPX,B,WQFN14_0.5_2.5x2.5,10.7000mm,100.3000mm,270
R137,10k,T,402,97.3001mm,24.7124mm,270
R99,10K,T,402,90.7000mm,24.7123mm,270
R138,10k,T,402,98.3001mm,23.4124mm,270
R98,10K,T,402,139.2001mm,61.4874mm,270
R97,10K,T,402,138.2001mm,62.7874mm,270
R100,10K,T,402,91.7001mm,23.4124mm,270
R46,10K,T,402,9.0001mm,84.4124mm,270
R9,22R,B,0402R,102.8000mm,42.1000mm,180
R3,22R,B,0402R,111.4000mm,45.6000mm,0
R283,0R,T,402,6.6124mm,30.0999mm,180
R282,0R,T,402,6.7124mm,26.6999mm,180
R275,100K,B,402,2.9124mm,33.9001mm,180
R274,100K,B,402,2.8876mm,34.8999mm,0
R273,1k,T,402,6.0626mm,44.5251mm,0
R271,100K,B,402,6.5999mm,43.0124mm,270
R270,0R,B,402,4.4999mm,44.0124mm,270
R269,10K,B,402,10.0999mm,34.8124mm,270
R268,22R,B,402,9.0499mm,34.8124mm,270
R267,10K,B,402,8.7000mm,43.7501mm,180
R266,22R,B,402,8.7124mm,42.7502mm,180
R265,22R,B,402,11.2249mm,34.8124mm,270
R264,22R,B,402,8.2001mm,41.1876mm,90
R263,10K,B,402,16.4124mm,40.7001mm,180
R257,22R,T,402,21.3041mm,44.5294mm,270
R256,22R,T,402,20.3041mm,44.5294mm,270
R255,22R,T,402,22.9164mm,42.0169mm,180
R254,2.2k,B,402,22.7124mm,35.2001mm,180
R253,2.2k,B,402,22.3999mm,38.2124mm,270
R252,22R,T,402,22.8653mm,43.9994mm,180
R251,22R,T,402,18.3041mm,44.5294mm,270
R183,1k,T,402,2.2875mm,104.3800mm,270
R182,100K,B,402,5.3001mm,103.1876mm,90
R181,4.7K,B,402,12.8999mm,94.7124mm,270
R180,4.7K,T,402,96.6749mm,37.2999mm,180
R177,20k,B,402,92.2205mm,18.6732mm,0
R33,150k,T,402,92.6626mm,18.5606mm,0
R32,0R,B,402,94.7626mm,18.6604mm,0
R30,3.65M,B,0603R,95.3750mm,14.6605mm,0
R29,4.7K,B,402,94.7876mm,17.1999mm,0
R28,100K,B,402,90.8874mm,13.8606mm,180
R25,10K,B,402,90.3000mm,18.7000mm,0
R24,10K,T,402,90.5000mm,18.7000mm,180
P47,PH2.0-4PS,T,PH2.0_4P_V,2.0000mm,27.6000mm,90
P46,BX-PH2.0-2PZZ,T,PH2.0_2P_V,2.0000mm,19.1000mm,90
P42,GMI6050P-52db,T,MIC_2*5,25.6000mm,119.6000mm,0
P32,GMI6050P-52db,T,MIC_2*5,15.2000mm,30.0000mm,270
P31,USB_TYPEC,T,USB_TYPEC_SMT,5.0373mm,110.3200mm,270
P15,AFC07-S30FCC-00,B,FPC30,5.0125mm,88.2500mm,270
L11,2.2uH,T,IND410x410,96.4750mm,15.4605mm,0
FB13,BLM18PG181SN1,T,0603L,6.6000mm,28.4000mm,180
FB12,BLM18PG181SN1,T,0603L,6.6000mm,24.6000mm,180
FB11,BLM18PG181SN1,T,0603L,9.7000mm,28.4000mm,180
FB10,BLM18PG181SN1,T,0603L,9.8000mm,22.6000mm,180
DT22,ESD5451N-2/TR,T,0402TVS,3.6000mm,33.6501mm,180
DT21,ESD5451N-2/TR,T,0402TVS,3.9500mm,44.5250mm,0
DT20,ESD5451N-2/TR,T,0402TVS,8.8250mm,33.6250mm,0
DT19,ESD5451N-2/TR,T,0402TVS,9.5000mm,44.4501mm,180
DT17,RClamp0502B,B,SOT_523,7.2125mm,110.3000mm,180
DT16,TPD4E05U06DQAR,T,USON-10,10.5025mm,107.4450mm,90
DT9,TPD4E05U06DQAR,T,USON-10,10.5025mm,112.9450mm,90
D17,BAT54HT1G,B,SOT323,13.6235mm,96.9750mm,270
D16,LED_G,T,0603LED_G,96.3000mm,33.8000mm,270
C198,1uF,B,0402C,89.1000mm,85.2000mm,0
C4,100pF,B,0402C,111.6270mm,18.0080mm,270
C197,1uF,B,0402C,90.3500mm,78.5500mm,0
C133,4.7uF,B,0402C,87.9000mm,13.4000mm,0
C279,100nF,B,0402C,16.9040mm,42.4170mm,90
C278,4.7uF,B,0402C,17.9040mm,42.4170mm,90
C275,100nF,B,0402C,19.9040mm,42.4170mm,90
C274,4.7uF,B,0402C,18.9040mm,42.4170mm,90
C273,100nF,B,0402C,20.3000mm,38.0000mm,270
C272,4.7uF,B,0402C,19.3000mm,38.0000mm,270
C271,100nF,T,0402C,16.5040mm,36.2170mm,0
C270,100nF,B,0402C,17.3000mm,38.0000mm,270
C269,4.7uF,T,0402C,16.5040mm,35.2170mm,0
C268,4.7uF,B,0402C,18.3000mm,38.0000mm,270
C265,100nF,B,0402C,9.5750mm,36.3250mm,180
C264,100nF,B,0402C,10.2000mm,43.2501mm,270
C263,4.7uF,T,0402C,22.5040mm,36.2170mm,180
C262,33pF,T,402,22.8876mm,43.0001mm,0
C261,33pF,T,0402C,19.3040mm,44.5170mm,90
C260,1uF,T,0402C,22.9040mm,40.0170mm,0
C259,1uF,T,0402C,22.9040mm,41.0170mm,0
C258,1uF,T,0402C,22.9040mm,37.7170mm,0
C257,1uF,T,0402C,22.9040mm,38.6170mm,0
C256,33pF,T,0402C,16.9040mm,44.5170mm,270
C255,33pF,T,0402C,15.8040mm,44.5170mm,270
C252,100nF,B,0402C,22.9040mm,40.0170mm,0
C251,100nF,B,0402C,22.9040mm,41.0170mm,0
C250,100nF,B,0402C,22.9040mm,36.7170mm,0
C249,100nF,B,0402C,23.4000mm,38.2000mm,90
C237,100nF,B,0402C,55.5500mm,109.5000mm,0
C236,100nF,B,0402C,53.3500mm,105.2000mm,180
C235,100nF,B,0402C,57.9000mm,108.4000mm,180
C227,100nF,B,0402C,53.3500mm,104.1000mm,180
C226,22uF,B,0603C,98.1000mm,16.5000mm,270
C225,22uF,B,0603C,104.1000mm,15.2000mm,180
C224,100nF,B,0402C,93.8000mm,24.8500mm,180
C223,22uF,T,0603C,94.0000mm,23.3000mm,180
C222,100nF,B,0402C,6.7875mm,103.3800mm,270
C220,22uF,T,0603C,8.0875mm,103.4800mm,270
C218,22uF,B,0603C,8.0875mm,103.4674mm,270
C207,100nF,T,0402C,12.9000mm,101.2000mm,90
C206,1uF,T,0402C,11.8000mm,101.2000mm,90
C31,100pF,B,0402C,97.6170mm,14.6605mm,180
C30,220nF,B,0402C,94.8000mm,16.0000mm,0
C29,1uF,B,0402C,92.2750mm,16.9605mm,0
C28,100nF,B,0603C,76.1000mm,132.8000mm,0
C16,10nF,B,0603C,76.1000mm,128.0000mm,180
C15,100nF,T,0402C,87.6000mm,14.1000mm,0
C13,4.7uF,B,0402C,87.9000mm,16.3000mm,0
C10,47pF,B,0402C,77.8000mm,21.6000mm,0
C9,100nF,T,0402C,71.7500mm,25.4000mm,270
R73,330R,B,0402R,114.7000mm,148.8000mm,0
R48,4.7K,B,0402R,114.0988mm,118.0000mm,90
R50,22R,T,402,101.9877mm,89.1001mm,0
R96,330R,B,0402R,93.2000mm,120.3000mm,90
R59,4.7K,B,0402R,110.5000mm,118.4000mm,0
R63,4.7K,B,0402R,105.5000mm,147.6000mm,0
R68,330R,B,0402R,105.5000mm,148.7000mm,180
R77,22R,T,402,111.0987mm,116.4876mm,90
R83,2.49k,T,0402R,95.9162mm,114.6826mm,180
R75,4.7K,B,0402R,93.0000mm,107.5000mm,90
R64,4.7K,B,0402R,114.7000mm,147.6000mm,180
R56,10k,B,402,38.9999mm,92.1124mm,270
R90,4.7K,B,0402R,87.5161mm,105.9827mm,270
R93,4.7K,B,0402R,94.4000mm,120.3000mm,270
R74,4.7K,T,0402R,86.4162mm,115.2826mm,270
R89,4.7K,B,0402R,88.0000mm,107.8000mm,180
R87,4.7K,B,0402R,90.0000mm,107.8000mm,180
R61,4.7K,B,0402R,109.2988mm,120.0000mm,0
R108,44.2K_1%,T,0402R,97.8000mm,28.0000mm,0
R104,44.2K_1%,T,0402R,91.2000mm,28.0000mm,0
R103,200K_1%,T,0402R,91.6500mm,29.4500mm,270
R107,200K_1%,T,0402R,98.2500mm,29.4500mm,270
R91,4.7K,B,0402R,87.8000mm,109.5000mm,0
R66,22R,T,402,107.0948mm,122.2000mm,0
R53,1.5k,B,0402R,100.8000mm,90.4000mm,0
R171,200K_1%,T,0402R,139.1500mm,67.5250mm,270
R43,2k,B,0402R,6.3375mm,57.6000mm,180
R12,2k,B,0402R,65.7000mm,114.0000mm,90
R45,1.8K,B,402,112.8000mm,16.2000mm,0
R84,4.7K,T,0402R,94.3174mm,107.1826mm,270
R55,0R,B,402,118.7001mm,131.2876mm,90
R65,22R,T,402,101.9877mm,88.0001mm,0
R81,22R,T,402,100.2877mm,91.7001mm,0
R41,4.7K,T,0402R,24.2000mm,111.1000mm,270
R11,2k,B,0402R,63.1000mm,114.0000mm,90
R15,4.7K,T,0402R,24.2000mm,114.1000mm,90
R42,2k,B,0402R,6.3375mm,58.7000mm,180
R10,27k,B,402,127.8000mm,13.0000mm,0
R14,1k,B,402,110.1375mm,17.5000mm,180
R2,200K_1%,B,0402R,64.1000mm,95.2000mm,180
R54,4.7K,T,0402R,115.9000mm,117.7000mm,270
R82,22R,T,402,100.2877mm,90.6001mm,0
R58,4.7K,B,0402R,111.0988mm,116.5000mm,270
R88,4.7K,B,0402R,89.5161mm,105.9827mm,270
R95,330R,B,0402R,85.5000mm,120.2000mm,90
R47,4.7K,T,0402R,107.9988mm,125.8000mm,270
R51,22R,T,402,100.0877mm,88.5001mm,0
R62,4.7K,B,0402R,109.2988mm,121.0000mm,0
R60,4.7K,B,0402R,109.0988mm,116.5000mm,270
R80,1.5k,B,0402R,66.8000mm,92.6000mm,0
R76,22R,T,402,110.0987mm,116.4876mm,90
R57,4.7K,B,0402R,112.0988mm,116.5000mm,270
R78,22R,T,402,112.0987mm,116.4876mm,90
R49,22R,T,402,100.0877mm,89.6001mm,0
R92,4.7K,B,0402R,87.8000mm,110.5000mm,0
R67,2.49k,T,0402R,117.4988mm,125.2000mm,180
R94,4.7K,B,0402R,84.4000mm,120.2000mm,270
R178,47K,T,402,68.0124mm,117.1999mm,180
R22,10.2k,B,0402R,81.2625mm,21.8000mm,0
R21,143k,B,0402R,83.4000mm,21.8000mm,0
R20,5.62k,B,0402R,79.3000mm,22.3000mm,270
R19,97.6k,T,0402R,71.8000mm,20.5000mm,90
R17,57.6k,T,0402R,70.6000mm,20.5000mm,90
P45,PJ-393 8PJ,T,PJ-393_8PJ,6.6000mm,39.0501mm,0
P14,DP5700-12V2A,T,DP5700-12V2A,61.9500mm,137.4950mm,270
P11,AFD01-S26FCA-00,T,FPC26,4.7255mm,55.6900mm,270
L9,0.68uH,T,IND2520,100.5000mm,28.8000mm,180
L4,0.68uH,T,IND2520,93.9000mm,28.8000mm,180
L10,0.68uH,T,IND2520,141.4000mm,66.8750mm,180
FB5,120ohm,B,0402C,87.5162mm,116.6826mm,0
FB4,120ohm,B,0402C,91.9000mm,107.5000mm,90
FB2,120ohm,B,0402C,109.0988mm,127.2000mm,0
FB3,120ohm,B,0402C,115.6000mm,123.0000mm,90
FB6,120ohm,B,0402C,94.3000mm,112.6000mm,90
FB1,120ohm,B,0402C,113.0988mm,118.0000mm,90
D15,LED_G,T,0603LED_G,71.0000mm,117.5000mm,0
D11,SMAJ58A,B,DO-214AC,76.1000mm,130.4000mm,180
D3,SS54,B,DO-214AC,79.7000mm,19.3000mm,0
C200,100nF,B,0402C,89.1167mm,84.1000mm,0
C166,22uF,T,0603C,93.7000mm,32.7000mm,180
C171,22uF,T,0603C,100.3000mm,32.7000mm,180
C202,22uF,B,0603C,141.2000mm,69.0750mm,180
C152,100nF,B,0402C,131.4000mm,29.5167mm,90
C172,100nF,T,0402C,93.8500mm,34.3000mm,180
C176,22uF,T,0603C,141.5000mm,61.3750mm,180
C182,100nF,B,0402C,141.4500mm,62.8750mm,180
C161,100nF,B,0402C,100.6000mm,24.8000mm,180
C169,22uF,T,0603C,93.7000mm,31.0000mm,180
C158,100nF,B,0402C,118.2962mm,29.3905mm,90
C203,100nF,B,0402C,140.8000mm,67.8750mm,180
C65,2.2uF,T,0805C,70.0000mm,25.1500mm,270
C134,100nF,T,0402C,101.7000mm,16.1500mm,90
C137,22uF,T,0603C,100.0000mm,16.2126mm,270
C129,100nF,B,0402C,71.7000mm,19.9000mm,90
C147,1uF,B,0402C,121.9000mm,9.6000mm,270
C135,100nF,B,0402C,101.2000mm,16.3000mm,270
C67,2.2uF,B,0805C,69.8000mm,19.9000mm,90
C66,2.2uF,B,0805C,70.0000mm,25.1500mm,270
C131,100nF,T,0402C,89.1000mm,21.0000mm,180
C201,22uF,T,0603C,141.2000mm,69.0750mm,180
C199,100nF DNP,T,0402C,138.2000mm,64.5750mm,270
C165,100nF,B,0402C,150.6000mm,59.9000mm,180
C130,22uF,T,0805C,85.1000mm,21.0000mm,0
C168,22uF,T,0603C,100.3000mm,31.0000mm,180
C149,1uF,T,0402C,109.2000mm,44.4000mm,0
C196,100nF,B,0402C,110.6852mm,36.2646mm,180
C157,100nF,B,0402C,119.3962mm,29.3905mm,90
C48,100nF,B,0402C,109.2988mm,122.0000mm,180
C64,100nF,B,0402C,88.0000mm,111.5000mm,180
C46,4.7uF,B,0402C,113.6000mm,116.6000mm,0
C17,100nF,T,0402C,5.1000mm,83.4000mm,90
C54,100nF,B,0402C,82.3000mm,128.5000mm,0
C53,100nF,B,0402C,82.3000mm,127.3000mm,0
C45,100nF,B,0402C,111.4988mm,125.9000mm,90
C44,100nF,B,0402C,113.4988mm,125.9000mm,90
C63,100nF,B,0402C,91.9162mm,115.3826mm,90
C60,100nF,B,0402C,89.9162mm,115.3826mm,90
C6,100nF,B,0402C,55.5500mm,108.4000mm,0
C12,22uF,T,0603C,6.5000mm,83.1000mm,270
C3,100nF,B,0402C,32.5000mm,108.3000mm,0
C1,100nF,B,0402C,57.2000mm,95.2000mm,270
C2,100nF,B,0402C,57.9000mm,109.5000mm,180
C7,1uF,B,0402C,122.9000mm,9.6000mm,270
C5,100nF,B,0402C,32.5000mm,102.3000mm,0
C52,4.7uF,B,0402C,88.7162mm,115.3826mm,90
C55,100nF,B,0402C,96.3000mm,128.5000mm,180
C39,100nF,B,0402C,113.7988mm,120.1500mm,270
C40,4.7uF,B,0402C,114.6988mm,125.9000mm,90
C58,4.7uF,B,0402C,90.4000mm,109.8000mm,270
C47,100nF,B,0402C,115.1988mm,124.4000mm,0
C175,100nF,B,0402C,150.5000mm,64.3000mm,180
C49,100nF,B,0402C,86.4162mm,115.2826mm,90
C59,100nF,B,0402C,89.3000mm,109.8000mm,270
C43,100nF,B,0402C,110.7988mm,120.1500mm,270
C41,100nF,B,0402C,110.2988mm,125.9000mm,90
C56,100nF,B,0402C,96.3000mm,127.3000mm,180
C51,100nF,B,0402C,91.5000mm,109.8000mm,270
C61,100nF,B,0402C,93.8162mm,114.0826mm,0
C42,4.7uF,B,0402C,111.7988mm,120.1500mm,270
C57,100nF,B,0402C,93.1162mm,115.3826mm,90
C50,4.7uF,B,0402C,92.6000mm,109.8000mm,270
C18,100nF,B,0402C,107.9988mm,125.8000mm,90
C62,4.7uF,B,0402C,91.9000mm,106.1000mm,0
C38,4.7uF,B,0402C,112.7988mm,120.1500mm,270
C8,4.7nF,B,0402C,77.8000mm,22.9000mm,0
P4A,10401121,T,SOCKET_80PIN_0.5MM,34.5429mm,57.0500mm,270
C150,22uF,T,0603C,20.8000mm,90.2000mm,0
P8,HR851178A,T,RJ45_GIGABIT,110.1100mm,142.0450mm,0
JPoE,0826-1X1T-GH-F,T,BEL_0826-1X1T-GH-F,89.3500mm,134.8775mm,0
C108,100nF,T,0402C,30.5000mm,27.3250mm,0
P26,SMA-KWE,T,RF,126.2500mm,143.0500mm,0
R40,5.1K 1%,T,0402R,145.4000mm,9.5000mm,180
R36,5.1K 1%,T,0402R,140.7000mm,9.5000mm,0
C26,100nF,B,0402C,135.1000mm,109.6000mm,180
U24,SY6288CAAC,T,SOT_235,5.0500mm,103.4500mm,180
C248,220nF,B,0402C,21.3000mm,38.0000mm,270
C247,1uF,B,0402C,27.1000mm,43.2000mm,180
C246,1uF,B,0402C,27.1000mm,41.0000mm,180
C245,1uF,B,0402C,17.0000mm,35.8000mm,270
C244,100nF,T,0402C,44.1000mm,81.2000mm,0
C243,100nF,T,0402C,2.3000mm,102.5000mm,270
C242,220pF,B,0402C,3.9500mm,107.7750mm,0
C241,220pF,B,0402C,11.0000mm,112.7000mm,270
C240,100nF,T,0402C,100.0000mm,34.0000mm,180
C239,22uF,T,0603C,100.6000mm,23.3000mm,180
TZ1,SMBJ36CA,B,SMB/DO-214AA_D,82.7000mm,15.3000mm,180
U37,,T,N04C,76.2033mm,121.8000mm,270
C217,100nF,T,0402C,37.1750mm,39.9750mm,90
U36,MB6S,T,SOIC245P670X270-4N,76.0033mm,131.9000mm,90
U35,MB6S,T,SOIC245P670X270-4N,75.9033mm,142.3000mm,90
P10,#NAME?,T,MOLEX_39-30-1060,40.4000mm,13.0000mm,180
R8,294k,T,0402R,69.1000mm,20.8000mm,180
C211,22uF,B,0805C,7.0000mm,2.4000mm,0
D9,LED_G,T,0603LED_G,26.7000mm,111.1000mm,0
D6,LED_G,T,0603LED_G,26.7000mm,114.2000mm,0
R1,4.7K,T,402,98.7250mm,21.4327mm,180
R151,1k,B,0402R,117.5000mm,7.8000mm,0
R150,1.2k,B,402,117.4876mm,6.6999mm,0
U31,MP2147GD,T,QFN_2*3,99.9000mm,25.7000mm,270
U30,MP2147GD,T,QFN_2*3,93.3000mm,25.7000mm,270
U29,TPD4E05U06DQAR,B,USON-10,87.7000mm,120.2000mm,0
U28,TPD4E05U06DQAR,B,USON-10,105.8000mm,132.9000mm,180
U27,TPD4E05U06DQAR,B,USON-10,110.8800mm,132.9000mm,180
U20,TPD4E05U06DQAR,B,USON-10,91.0000mm,120.2000mm,0
R149,100R,B,402,77.8999mm,35.8124mm,270
R156,22R,B,402,124.0999mm,71.6124mm,270
S2,DSWB01LHGET,T,SWITCH_1P_DIP,81.7000mm,33.2000mm,270
R196,10K,B,402,118.6000mm,71.6000mm,90
L2,2.2uH 3A,T,INDM2016,92.4162mm,106.8826mm,270
L1,2.2uH 3A,T,INDM2016,113.9988mm,117.4000mm,270
D5,LED_G,T,0603LED_G,139.8000mm,74.8000mm,90
R31,27k,T,402,36.4124mm,42.0249mm,180
R26,27k,T,402,34.5376mm,45.9251mm,0
U7,LSF0102DCTR,B,SOP65P400X130-8N,60.6000mm,96.2000mm,0
R169,330R,T,402,139.7876mm,72.7001mm,0
U6,DSC557-04444KI1,B,QFN50P500X320X90_HS-21N,107.9000mm,45.1000mm,90
R18,0R,B,402,118.7999mm,133.3124mm,270
R157,100k,B,0402R,122.3375mm,5.5000mm,180
C179,22uF,B,0805C,120.0000mm,31.8000mm,180
C178,22uF,B,0805C,116.3000mm,31.8000mm,0
C36,100nF,T,0402C,9.1000mm,62.3250mm,180
C35,1uF,T,0402C,8.9000mm,67.2500mm,270
C34,1uF,T,0402C,8.9000mm,69.6500mm,270
C32,1uF,B,0402C,11.1000mm,66.9000mm,270
P13,TYPE-C,B,USB_TYPE-C_S,148.2930mm,110.9410mm,270
Q1,BSS138BKS,B,SOT-363,115.0920mm,8.0270mm,270
P18,TYPE-C,T,USB_TYPE-C_S,142.6400mm,5.2475mm,0
F4,36V 3A,T,2920F,51.2000mm,11.8000mm,90
D7,SS54,T,DO-214AC,76.7500mm,27.9000mm,180
P40,USB 3.0,T,USB3.0_A,141.5500mm,110.8500mm,270
C94,4.7uF,B,0402C,133.5000mm,124.2000mm,180
C78,100nF,B,0402C,141.6000mm,30.8000mm,90
C77,100nF,B,0402C,141.6000mm,20.6000mm,270
C76,100nF,B,0402C,108.9000mm,49.2000mm,180
C71,100nF,T,0402C,7.3000mm,67.7000mm,0
C70,100nF,T,0402C,9.1000mm,63.4250mm,180
X3,32.768kHZ,B,CRYSTALS_3225,131.5000mm,120.6000mm,180
X2,37.4MHZ,T,CRYSTALS_3225,129.5500mm,132.1500mm,0
X1,32.768KHZ,B,CRYSTALS_3215_2PIN,87.6000mm,98.9500mm,180
U26,RT9013-18GB,B,SOT_235,89.8000mm,81.4000mm,90
U23,MP8765GQ,T,QFN16P_MP8765,92.1250mm,15.4355mm,0
U21,MP2147GD,T,QFN_2*3,140.8000mm,63.7750mm,270
U19,AW-CM358SM,B,AP6256,126.0500mm,129.3600mm,270
U16,"PCF8563T/5,518",B,SOP8_1.27,88.9000mm,92.7500mm,270
U14,RT9013-28GB,T,SOT_235,11.5000mm,67.2500mm,180
U13,XC6227C121MR-G,T,SOT_235,11.5000mm,71.0500mm,180
U11,RTL8211FSI-CG,T,QFN48P_0.4BSC_6*6_H,90.9162mm,112.5826mm,270
U5,TPD4E05U06DQAR,B,USON-10,137.3000mm,110.9000mm,90
U3,PI3PCIE3212ZBEX,T,QFN50P250X450X100-21N-R115X315,105.1000mm,63.5000mm,180
U2,TPD4E05U06DQAR,T,USON-10,128.1000mm,14.9000mm,180
U1,TPD4E05U06DQAR,T,USON-10,124.8750mm,14.8900mm,180
S1,SS-12D11L5,T,SS-12D11L5,94.6000mm,6.4500mm,270
R220,10K,B,402,88.8000mm,78.3000mm,270
R213,2.2M,B,0402R,13.7833mm,106.5000mm,90
R211,2.2M,B,0402R,13.7833mm,108.3000mm,270
R210,0R,B,402,11.2124mm,110.8001mm,180
R209,0R,B,402,11.2124mm,109.7001mm,180
R206,499R,B,0402R,120.5100mm,17.9750mm,180
R205,499R,B,0402R,118.1100mm,18.2750mm,180
R204,499R,B,0402R,118.1100mm,19.2750mm,180
R203,47K,B,402,115.0921mm,5.3146mm,90
R199,4.7K,B,402,13.3001mm,100.9876mm,90
R189,47K,B,402,115.0793mm,10.3272mm,180
R188,47K,B,402,114.0919mm,5.3394mm,270
R185,100k,B,0402R,15.2833mm,105.9000mm,0
R184,100k,B,0402R,15.2833mm,108.9000mm,0
R166,100k,B,402,128.1999mm,56.4124mm,270
R164,2.2R,B,402,118.3499mm,58.4624mm,270
R162,2.2R,B,402,119.4499mm,58.4584mm,270
R160,2.2R,B,402,123.3499mm,58.6624mm,270
R159,2.2R,B,402,124.3499mm,58.6584mm,270
R158,22R,B,402,123.0999mm,71.6124mm,270
R155,22R,B,402,125.0999mm,71.6124mm,270
R153,1k,B,402,133.7124mm,55.4001mm,180
R145,4.7K,B,402,86.9999mm,88.0124mm,270
R143,1.8K,B,402,114.6625mm,16.2000mm,180
R13,10k,B,402,113.5876mm,38.4999mm,0
R136,100K,T,0402R,108.2000mm,66.2000mm,180
R135,1k,T,0402R,73.9000mm,33.5000mm,90
R134,49.9R,B,402,112.9001mm,45.1876mm,90
R132,100R,B,402,148.0876mm,80.4999mm,0
R131,12k,B,402,148.2124mm,68.6001mm,180
R130,5.1K 1%,T,0402R,109.6000mm,9.7000mm,90
R129,5.1K 1%,T,0402R,106.7000mm,9.7000mm,90
R128,6.8k,B,402,148.2124mm,73.1001mm,180
R126,3k,B,402,148.1124mm,77.4001mm,180
R125,0R,B,402,142.1999mm,133.4124mm,270
R124,0R,B,402,136.6876mm,147.1999mm,0
R123,10K,B,402,94.6999mm,88.0124mm,270
R122,22R,B,402,95.8999mm,88.0124mm,270
R121,10K,B,402,96.3876mm,98.8999mm,0
R120,0R,B,402,124.5876mm,122.0999mm,0
R117,27k,T,402,34.5376mm,42.0251mm,0
R115,10K,B,402,12.5000mm,66.9000mm,270
R109,10K,B,402,12.5000mm,70.6000mm,270
R72,22R,T,402,109.0987mm,116.4876mm,90
R71,22R,T,402,107.0948mm,120.2000mm,0
R70,22R,T,402,107.0864mm,121.2001mm,0
R69,22R,T,402,100.0877mm,87.0001mm,0
R39,20K,B,402,151.3249mm,121.7624mm,270
R38,470R,B,402,152.0876mm,119.1999mm,0
R37,10K,B,402,152.1124mm,120.3001mm,180
R35,5.1K 1%,B,0402R,143.7000mm,109.2000mm,0
R34,5.1K 1%,B,0402R,143.7000mm,112.3000mm,0
Q8,S8050,B,SOT_233_N,130.6000mm,56.5000mm,0
P34,DC-044B-D025,T,CUI_PJ-082BH,81.5000mm,7.2750mm,0
P28,MIS22-S1F1-2000-A,T,MICRO_SIM_ZTS,145.4375mm,92.9000mm,90
P24,HDR2x1,T,header2x1,72.0000mm,33.6300mm,90
P21,PZ254V-12-16P,T,HDR254P_2x8,40.3900mm,111.2300mm,180
P17,TFCARD,B,TF_CARD_SELF,145.0875mm,92.8500mm,270
P12,USB_A_H_Double,T,USB_A_F_W_D,13.7000mm,146.1697mm,270
P5,HDMI,T,HDMI,125.1500mm,7.7715mm,180
P3,AXK5F80547YG,T,SOCKET_80PIN_0.5MM,60.2999mm,61.2500mm,0
P4,AXK5F80547YG,T,SOCKET_80PIN_0.5MM,94.8000mm,61.2502mm,0
P2,10401121,T,SOCKET_80PIN_0.5MM_UPR,95.3000mm,86.2500mm,0
P1,3568_LEFT_UP,T,SOCKET_80PIN_0.5MM_UPL,59.7999mm,86.2500mm,0
L5,10uH,T,IND-FXL0630-5R6-M,84.5000mm,25.8000mm,0
L3,4.7uH,T,INDM2016,129.6000mm,124.9000mm,270
K8,KEY,T,SW_SMT_1,111.2250mm,36.5000mm,0
K7,KEY,T,SW_SMT_1,150.5000mm,64.2725mm,0
K5,KEY,T,SW_SMT_1,150.5000mm,68.6525mm,0
K4,KEY,T,SW_SMT_1,150.5000mm,73.0325mm,0
K3,KEY,T,SW_SMT_1,150.5000mm,77.4125mm,0
K2,KEY,T,SW_SMT_1,150.5000mm,81.7925mm,0
FB9,BLM18PG181SN1,T,0603L,9.7000mm,26.7000mm,180
FB8,BLM18PG181SN1,T,0603L,9.8000mm,21.0000mm,180
FB7,120ohm,B,0402C,131.3000mm,137.0000mm,270
F3,6V 1.1A,B,0805_HV,150.9000mm,117.4000mm,0
F2,6V 1.1A,B,0805_HV,7.9000mm,144.4000mm,180
F1,6V 1.1A,B,0805_HV,7.9000mm,148.3000mm,180
DZ1,MMSZ5231B,B,SOD_123,148.4000mm,119.8000mm,0
DT12,ESD5451N-2/TR,B,0402TVS,110.7080mm,35.1000mm,0
DT11,ESD5451N-2/TR,B,0402TVS,150.5000mm,63.2000mm,0
DT10,ESD5451N-2/TR,B,0402TVS,150.6000mm,61.0000mm,0
DT6,ESD5451N-2/TR,B,0402TVS,25.6000mm,115.8000mm,180
DT3,ESD5451N-2/TR,B,0402TVS,147.1080mm,79.4000mm,0
DT2,RClamp0502B,T,SOT_523,20.6122mm,146.2481mm,0
DT1,RClamp0502B,T,SOT_523,20.6122mm,143.8481mm,0
D8,LED_G,T,0603LED_G,102.3287mm,21.4328mm,0
D4,BAT54C,T,SOT_233_N,29.9000mm,24.8250mm,0
D2,LMBR140ET1G,B,SOD_323,113.4000mm,14.6000mm,0
D1,MBR0540,B,SOD_123,120.1000mm,8.9000mm,90
C159,22uF,B,0603C,2.6000mm,102.1000mm,180
C156,100nF,B,0402C,123.4000mm,29.5000mm,90
C155,100nF,T,0402C,106.5000mm,46.2000mm,180
C146,100nF,T,0402C,105.1000mm,60.1000mm,0
C145,100nF,B,0402C,105.0000mm,66.1000mm,0
C144,100nF,B,0402C,132.5000mm,29.5167mm,90
C143,220nF,T,0402C,127.4000mm,22.0000mm,90
C142,220nF,T,0402C,118.6519mm,21.6019mm,0
C141,220nF,T,0402C,126.3000mm,22.0000mm,90
C140,100nF,T,0402C,40.3000mm,77.3000mm,180
C139,220nF,T,0402C,118.6519mm,22.7019mm,0
C124,100nF,B,0402C,125.8500mm,58.6500mm,270
C123,100nF,B,0402C,126.8500mm,58.6500mm,270
C122,100nF,B,0402C,132.5000mm,59.0000mm,0
C118,10nF,B,0402C,133.1000mm,57.0000mm,270
C117,100nF,B,0402C,132.5000mm,60.1000mm,0
C116,33pF,B,0402C,116.8000mm,72.1000mm,0
C115,100nF,B,0402C,116.8000mm,71.1000mm,0
C114,100nF,B,0402C,135.9000mm,71.3000mm,180
C111,680pF,T,0402C,5.8000mm,19.4000mm,90
C110,680pF,T,0402C,5.8000mm,21.2000mm,270
C105,100nF,B,0402C,135.4000mm,93.9000mm,0
C104,100nF,B,0402C,6.1250mm,44.4500mm,0
C103,100nF,B,0402C,13.2000mm,41.8000mm,180
C101,15pF,B,0402C,85.6000mm,96.6500mm,90
C100,100nF,B,0402C,13.2000mm,40.7000mm,180
C99,33pF,B,0402C,13.2000mm,39.7000mm,0
C98,220pF,B,0402C,25.6000mm,114.7000mm,180
C97,100nF,B,0402C,128.2500mm,136.5500mm,0
C96,4.7uF,B,0402C,130.2000mm,137.0000mm,270
C93,100nF,B,0402C,133.5000mm,125.4000mm,180
C92,10pF,B,0402C,124.0500mm,138.0500mm,0
C89,33pF,B,0402C,13.2000mm,42.9000mm,0
C85,100nF,B,0402C,138.0000mm,15.7000mm,90
C84,100nF,B,0402C,139.5500mm,13.9500mm,0
C83,1uF,B,0402C,139.5500mm,14.9500mm,0
C81,100nF,B,0402C,93.4000mm,88.0000mm,90
C80,33pF,T,0402C,132.5500mm,132.3500mm,90
C79,33pF,T,0402C,126.5500mm,131.3500mm,270
C73,100nF,B,0402C,6.6000mm,62.2000mm,0
C72,100nF,B,0402C,133.5000mm,123.1000mm,180
C69,100nF,B,0402C,6.6000mm,61.1000mm,0
C68,100nF,T,0402C,7.8000mm,69.6500mm,270
C22,100nF,B,0402C,11.2000mm,145.0000mm,90
C21,100nF,B,0402C,11.2000mm,148.8000mm,90
BT1,CR2032,T,BAT_CR2032_WT,20.7000mm,15.2500mm,90
