"Share","Type","Name","FullName","SizeMB","Modified"
"Container","FILE","adm1","\\CloudMate\Container\container-station-data\lib\docker\overlay2\7685c20cb07e658856764266069a8a5372ff4ab71dae04aaa184cf602d326985\diff\opt\gitlab\embedded\lib\terminfo\A\adm1","0","7/21/2023 12:22:38 PM"
"Container","FILE","adm1","\\CloudMate\Container\container-station-data\lib\docker\overlay2\7685c20cb07e658856764266069a8a5372ff4ab71dae04aaa184cf602d326985\diff\opt\gitlab\embedded\lib\terminfo\a\adm1","0","7/21/2023 12:22:38 PM"
"Container","FILE","adm11","\\CloudMate\Container\container-station-data\lib\docker\overlay2\7685c20cb07e658856764266069a8a5372ff4ab71dae04aaa184cf602d326985\diff\opt\gitlab\embedded\lib\terminfo\a\adm11","0","7/21/2023 12:22:38 PM"
"Container","FILE","adm11","\\CloudMate\Container\container-station-data\lib\docker\overlay2\7685c20cb07e658856764266069a8a5372ff4ab71dae04aaa184cf602d326985\diff\opt\gitlab\embedded\lib\terminfo\A\adm11","0","7/21/2023 12:22:38 PM"
"Container","FILE","adm1178","\\CloudMate\Container\container-station-data\lib\docker\overlay2\7685c20cb07e658856764266069a8a5372ff4ab71dae04aaa184cf602d326985\diff\opt\gitlab\embedded\lib\terminfo\a\adm1178","0","7/21/2023 12:22:38 PM"
"Container","FILE","adm1178","\\CloudMate\Container\container-station-data\lib\docker\overlay2\7685c20cb07e658856764266069a8a5372ff4ab71dae04aaa184cf602d326985\diff\opt\gitlab\embedded\lib\terminfo\A\adm1178","0","7/21/2023 12:22:38 PM"
"Container","FILE","adm12","\\CloudMate\Container\container-station-data\lib\docker\overlay2\7685c20cb07e658856764266069a8a5372ff4ab71dae04aaa184cf602d326985\diff\opt\gitlab\embedded\lib\terminfo\A\adm12","0","7/21/2023 12:22:38 PM"
"Container","FILE","adm12","\\CloudMate\Container\container-station-data\lib\docker\overlay2\7685c20cb07e658856764266069a8a5372ff4ab71dae04aaa184cf602d326985\diff\opt\gitlab\embedded\lib\terminfo\a\adm12","0","7/21/2023 12:22:38 PM"
"Container","FILE","adm1a","\\CloudMate\Container\container-station-data\lib\docker\overlay2\7685c20cb07e658856764266069a8a5372ff4ab71dae04aaa184cf602d326985\diff\opt\gitlab\embedded\lib\terminfo\A\adm1a","0","7/21/2023 12:22:38 PM"
"Container","FILE","adm1a","\\CloudMate\Container\container-station-data\lib\docker\overlay2\7685c20cb07e658856764266069a8a5372ff4ab71dae04aaa184cf602d326985\diff\opt\gitlab\embedded\lib\terminfo\a\adm1a","0","7/21/2023 12:22:38 PM"
"Container","FILE","dm1520","\\CloudMate\Container\container-station-data\lib\docker\overlay2\7685c20cb07e658856764266069a8a5372ff4ab71dae04aaa184cf602d326985\diff\opt\gitlab\embedded\lib\terminfo\d\dm1520","0","7/21/2023 12:22:38 PM"
"Container","FILE","dm1521","\\CloudMate\Container\container-station-data\lib\docker\overlay2\7685c20cb07e658856764266069a8a5372ff4ab71dae04aaa184cf602d326985\diff\opt\gitlab\embedded\lib\terminfo\d\dm1521","0","7/21/2023 12:22:38 PM"
"Container","FILE","adm1","\\CloudMate\Container\container-station-data\lib\docker\overlay2\7685c20cb07e658856764266069a8a5372ff4ab71dae04aaa184cf602d326985\diff\opt\gitlab\embedded\share\terminfo\A\adm1","0","7/21/2023 12:22:38 PM"
"Container","FILE","adm1","\\CloudMate\Container\container-station-data\lib\docker\overlay2\7685c20cb07e658856764266069a8a5372ff4ab71dae04aaa184cf602d326985\diff\opt\gitlab\embedded\share\terminfo\a\adm1","0","7/21/2023 12:22:38 PM"
"Container","FILE","adm11","\\CloudMate\Container\container-station-data\lib\docker\overlay2\7685c20cb07e658856764266069a8a5372ff4ab71dae04aaa184cf602d326985\diff\opt\gitlab\embedded\share\terminfo\a\adm11","0","7/21/2023 12:22:38 PM"
"Container","FILE","adm11","\\CloudMate\Container\container-station-data\lib\docker\overlay2\7685c20cb07e658856764266069a8a5372ff4ab71dae04aaa184cf602d326985\diff\opt\gitlab\embedded\share\terminfo\A\adm11","0","7/21/2023 12:22:38 PM"
"Container","FILE","adm1178","\\CloudMate\Container\container-station-data\lib\docker\overlay2\7685c20cb07e658856764266069a8a5372ff4ab71dae04aaa184cf602d326985\diff\opt\gitlab\embedded\share\terminfo\a\adm1178","0","7/21/2023 12:22:38 PM"
"Container","FILE","adm1178","\\CloudMate\Container\container-station-data\lib\docker\overlay2\7685c20cb07e658856764266069a8a5372ff4ab71dae04aaa184cf602d326985\diff\opt\gitlab\embedded\share\terminfo\A\adm1178","0","7/21/2023 12:22:38 PM"
"Container","FILE","adm12","\\CloudMate\Container\container-station-data\lib\docker\overlay2\7685c20cb07e658856764266069a8a5372ff4ab71dae04aaa184cf602d326985\diff\opt\gitlab\embedded\share\terminfo\A\adm12","0","7/21/2023 12:22:38 PM"
"Container","FILE","adm12","\\CloudMate\Container\container-station-data\lib\docker\overlay2\7685c20cb07e658856764266069a8a5372ff4ab71dae04aaa184cf602d326985\diff\opt\gitlab\embedded\share\terminfo\a\adm12","0","7/21/2023 12:22:38 PM"
"Container","FILE","adm1a","\\CloudMate\Container\container-station-data\lib\docker\overlay2\7685c20cb07e658856764266069a8a5372ff4ab71dae04aaa184cf602d326985\diff\opt\gitlab\embedded\share\terminfo\A\adm1a","0","7/21/2023 12:22:38 PM"
"Container","FILE","adm1a","\\CloudMate\Container\container-station-data\lib\docker\overlay2\7685c20cb07e658856764266069a8a5372ff4ab71dae04aaa184cf602d326985\diff\opt\gitlab\embedded\share\terminfo\a\adm1a","0","7/21/2023 12:22:38 PM"
"Container","FILE","dm1520","\\CloudMate\Container\container-station-data\lib\docker\overlay2\7685c20cb07e658856764266069a8a5372ff4ab71dae04aaa184cf602d326985\diff\opt\gitlab\embedded\share\terminfo\d\dm1520","0","7/21/2023 12:22:38 PM"
"Container","FILE","dm1521","\\CloudMate\Container\container-station-data\lib\docker\overlay2\7685c20cb07e658856764266069a8a5372ff4ab71dae04aaa184cf602d326985\diff\opt\gitlab\embedded\share\terminfo\d\dm1521","0","7/21/2023 12:22:38 PM"
"Container","FILE","adm1","\\CloudMate\Container\container-station-data\lib\docker\overlay2\d78be0a7811730bf96b8d0abf57ff724838c9e750e16c57623d84ccba3fd17b5\diff\opt\gitlab\embedded\lib\terminfo\A\adm1","0","7/21/2023 11:59:56 AM"
"Container","FILE","adm1","\\CloudMate\Container\container-station-data\lib\docker\overlay2\d78be0a7811730bf96b8d0abf57ff724838c9e750e16c57623d84ccba3fd17b5\diff\opt\gitlab\embedded\lib\terminfo\a\adm1","0","7/21/2023 11:59:56 AM"
"Container","FILE","adm11","\\CloudMate\Container\container-station-data\lib\docker\overlay2\d78be0a7811730bf96b8d0abf57ff724838c9e750e16c57623d84ccba3fd17b5\diff\opt\gitlab\embedded\lib\terminfo\a\adm11","0","7/21/2023 11:59:56 AM"
"Container","FILE","adm11","\\CloudMate\Container\container-station-data\lib\docker\overlay2\d78be0a7811730bf96b8d0abf57ff724838c9e750e16c57623d84ccba3fd17b5\diff\opt\gitlab\embedded\lib\terminfo\A\adm11","0","7/21/2023 11:59:56 AM"
"Container","FILE","adm1178","\\CloudMate\Container\container-station-data\lib\docker\overlay2\d78be0a7811730bf96b8d0abf57ff724838c9e750e16c57623d84ccba3fd17b5\diff\opt\gitlab\embedded\lib\terminfo\a\adm1178","0","7/21/2023 11:59:56 AM"
"Container","FILE","adm1178","\\CloudMate\Container\container-station-data\lib\docker\overlay2\d78be0a7811730bf96b8d0abf57ff724838c9e750e16c57623d84ccba3fd17b5\diff\opt\gitlab\embedded\lib\terminfo\A\adm1178","0","7/21/2023 11:59:56 AM"
"Container","FILE","adm12","\\CloudMate\Container\container-station-data\lib\docker\overlay2\d78be0a7811730bf96b8d0abf57ff724838c9e750e16c57623d84ccba3fd17b5\diff\opt\gitlab\embedded\lib\terminfo\A\adm12","0","7/21/2023 11:59:56 AM"
"Container","FILE","adm12","\\CloudMate\Container\container-station-data\lib\docker\overlay2\d78be0a7811730bf96b8d0abf57ff724838c9e750e16c57623d84ccba3fd17b5\diff\opt\gitlab\embedded\lib\terminfo\a\adm12","0","7/21/2023 11:59:56 AM"
"Container","FILE","adm1a","\\CloudMate\Container\container-station-data\lib\docker\overlay2\d78be0a7811730bf96b8d0abf57ff724838c9e750e16c57623d84ccba3fd17b5\diff\opt\gitlab\embedded\lib\terminfo\A\adm1a","0","7/21/2023 11:59:56 AM"
"Container","FILE","adm1a","\\CloudMate\Container\container-station-data\lib\docker\overlay2\d78be0a7811730bf96b8d0abf57ff724838c9e750e16c57623d84ccba3fd17b5\diff\opt\gitlab\embedded\lib\terminfo\a\adm1a","0","7/21/2023 11:59:56 AM"
"Container","FILE","dm1520","\\CloudMate\Container\container-station-data\lib\docker\overlay2\d78be0a7811730bf96b8d0abf57ff724838c9e750e16c57623d84ccba3fd17b5\diff\opt\gitlab\embedded\lib\terminfo\d\dm1520","0","7/21/2023 11:59:56 AM"
"Container","FILE","dm1521","\\CloudMate\Container\container-station-data\lib\docker\overlay2\d78be0a7811730bf96b8d0abf57ff724838c9e750e16c57623d84ccba3fd17b5\diff\opt\gitlab\embedded\lib\terminfo\d\dm1521","0","7/21/2023 11:59:56 AM"
"Container","FILE","adm1","\\CloudMate\Container\container-station-data\lib\docker\overlay2\d78be0a7811730bf96b8d0abf57ff724838c9e750e16c57623d84ccba3fd17b5\diff\opt\gitlab\embedded\share\terminfo\A\adm1","0","7/21/2023 11:59:56 AM"
"Container","FILE","adm1","\\CloudMate\Container\container-station-data\lib\docker\overlay2\d78be0a7811730bf96b8d0abf57ff724838c9e750e16c57623d84ccba3fd17b5\diff\opt\gitlab\embedded\share\terminfo\a\adm1","0","7/21/2023 11:59:56 AM"
"Container","FILE","adm11","\\CloudMate\Container\container-station-data\lib\docker\overlay2\d78be0a7811730bf96b8d0abf57ff724838c9e750e16c57623d84ccba3fd17b5\diff\opt\gitlab\embedded\share\terminfo\a\adm11","0","7/21/2023 11:59:56 AM"
"Container","FILE","adm11","\\CloudMate\Container\container-station-data\lib\docker\overlay2\d78be0a7811730bf96b8d0abf57ff724838c9e750e16c57623d84ccba3fd17b5\diff\opt\gitlab\embedded\share\terminfo\A\adm11","0","7/21/2023 11:59:56 AM"
"Container","FILE","adm1178","\\CloudMate\Container\container-station-data\lib\docker\overlay2\d78be0a7811730bf96b8d0abf57ff724838c9e750e16c57623d84ccba3fd17b5\diff\opt\gitlab\embedded\share\terminfo\a\adm1178","0","7/21/2023 11:59:56 AM"
"Container","FILE","adm1178","\\CloudMate\Container\container-station-data\lib\docker\overlay2\d78be0a7811730bf96b8d0abf57ff724838c9e750e16c57623d84ccba3fd17b5\diff\opt\gitlab\embedded\share\terminfo\A\adm1178","0","7/21/2023 11:59:56 AM"
"Container","FILE","adm12","\\CloudMate\Container\container-station-data\lib\docker\overlay2\d78be0a7811730bf96b8d0abf57ff724838c9e750e16c57623d84ccba3fd17b5\diff\opt\gitlab\embedded\share\terminfo\A\adm12","0","7/21/2023 11:59:56 AM"
"Container","FILE","adm12","\\CloudMate\Container\container-station-data\lib\docker\overlay2\d78be0a7811730bf96b8d0abf57ff724838c9e750e16c57623d84ccba3fd17b5\diff\opt\gitlab\embedded\share\terminfo\a\adm12","0","7/21/2023 11:59:56 AM"
"Container","FILE","adm1a","\\CloudMate\Container\container-station-data\lib\docker\overlay2\d78be0a7811730bf96b8d0abf57ff724838c9e750e16c57623d84ccba3fd17b5\diff\opt\gitlab\embedded\share\terminfo\A\adm1a","0","7/21/2023 11:59:56 AM"
"Container","FILE","adm1a","\\CloudMate\Container\container-station-data\lib\docker\overlay2\d78be0a7811730bf96b8d0abf57ff724838c9e750e16c57623d84ccba3fd17b5\diff\opt\gitlab\embedded\share\terminfo\a\adm1a","0","7/21/2023 11:59:56 AM"
"Container","FILE","dm1520","\\CloudMate\Container\container-station-data\lib\docker\overlay2\d78be0a7811730bf96b8d0abf57ff724838c9e750e16c57623d84ccba3fd17b5\diff\opt\gitlab\embedded\share\terminfo\d\dm1520","0","7/21/2023 11:59:56 AM"
"Container","FILE","dm1521","\\CloudMate\Container\container-station-data\lib\docker\overlay2\d78be0a7811730bf96b8d0abf57ff724838c9e750e16c57623d84ccba3fd17b5\diff\opt\gitlab\embedded\share\terminfo\d\dm1521","0","7/21/2023 11:59:56 AM"
"Container","FILE","adm1","\\CloudMate\Container\container-station-data\lib\docker\overlay2\l\IPSLPCFWIGUKRPEK3FQROXBIHY\opt\gitlab\embedded\lib\terminfo\A\adm1","0","7/21/2023 12:22:38 PM"
"Container","FILE","adm1","\\CloudMate\Container\container-station-data\lib\docker\overlay2\l\IPSLPCFWIGUKRPEK3FQROXBIHY\opt\gitlab\embedded\lib\terminfo\a\adm1","0","7/21/2023 12:22:38 PM"
"Container","FILE","adm11","\\CloudMate\Container\container-station-data\lib\docker\overlay2\l\IPSLPCFWIGUKRPEK3FQROXBIHY\opt\gitlab\embedded\lib\terminfo\a\adm11","0","7/21/2023 12:22:38 PM"
"Container","FILE","adm11","\\CloudMate\Container\container-station-data\lib\docker\overlay2\l\IPSLPCFWIGUKRPEK3FQROXBIHY\opt\gitlab\embedded\lib\terminfo\A\adm11","0","7/21/2023 12:22:38 PM"
"Container","FILE","adm1178","\\CloudMate\Container\container-station-data\lib\docker\overlay2\l\IPSLPCFWIGUKRPEK3FQROXBIHY\opt\gitlab\embedded\lib\terminfo\a\adm1178","0","7/21/2023 12:22:38 PM"
"Container","FILE","adm1178","\\CloudMate\Container\container-station-data\lib\docker\overlay2\l\IPSLPCFWIGUKRPEK3FQROXBIHY\opt\gitlab\embedded\lib\terminfo\A\adm1178","0","7/21/2023 12:22:38 PM"
"Container","FILE","adm12","\\CloudMate\Container\container-station-data\lib\docker\overlay2\l\IPSLPCFWIGUKRPEK3FQROXBIHY\opt\gitlab\embedded\lib\terminfo\A\adm12","0","7/21/2023 12:22:38 PM"
"Container","FILE","adm12","\\CloudMate\Container\container-station-data\lib\docker\overlay2\l\IPSLPCFWIGUKRPEK3FQROXBIHY\opt\gitlab\embedded\lib\terminfo\a\adm12","0","7/21/2023 12:22:38 PM"
"Container","FILE","adm1a","\\CloudMate\Container\container-station-data\lib\docker\overlay2\l\IPSLPCFWIGUKRPEK3FQROXBIHY\opt\gitlab\embedded\lib\terminfo\A\adm1a","0","7/21/2023 12:22:38 PM"
"Container","FILE","adm1a","\\CloudMate\Container\container-station-data\lib\docker\overlay2\l\IPSLPCFWIGUKRPEK3FQROXBIHY\opt\gitlab\embedded\lib\terminfo\a\adm1a","0","7/21/2023 12:22:38 PM"
"Container","FILE","dm1520","\\CloudMate\Container\container-station-data\lib\docker\overlay2\l\IPSLPCFWIGUKRPEK3FQROXBIHY\opt\gitlab\embedded\lib\terminfo\d\dm1520","0","7/21/2023 12:22:38 PM"
"Container","FILE","dm1521","\\CloudMate\Container\container-station-data\lib\docker\overlay2\l\IPSLPCFWIGUKRPEK3FQROXBIHY\opt\gitlab\embedded\lib\terminfo\d\dm1521","0","7/21/2023 12:22:38 PM"
"Container","FILE","adm1","\\CloudMate\Container\container-station-data\lib\docker\overlay2\l\IPSLPCFWIGUKRPEK3FQROXBIHY\opt\gitlab\embedded\share\terminfo\A\adm1","0","7/21/2023 12:22:38 PM"
"Container","FILE","adm1","\\CloudMate\Container\container-station-data\lib\docker\overlay2\l\IPSLPCFWIGUKRPEK3FQROXBIHY\opt\gitlab\embedded\share\terminfo\a\adm1","0","7/21/2023 12:22:38 PM"
"Container","FILE","adm11","\\CloudMate\Container\container-station-data\lib\docker\overlay2\l\IPSLPCFWIGUKRPEK3FQROXBIHY\opt\gitlab\embedded\share\terminfo\a\adm11","0","7/21/2023 12:22:38 PM"
"Container","FILE","adm11","\\CloudMate\Container\container-station-data\lib\docker\overlay2\l\IPSLPCFWIGUKRPEK3FQROXBIHY\opt\gitlab\embedded\share\terminfo\A\adm11","0","7/21/2023 12:22:38 PM"
"Container","FILE","adm1178","\\CloudMate\Container\container-station-data\lib\docker\overlay2\l\IPSLPCFWIGUKRPEK3FQROXBIHY\opt\gitlab\embedded\share\terminfo\a\adm1178","0","7/21/2023 12:22:38 PM"
"Container","FILE","adm1178","\\CloudMate\Container\container-station-data\lib\docker\overlay2\l\IPSLPCFWIGUKRPEK3FQROXBIHY\opt\gitlab\embedded\share\terminfo\A\adm1178","0","7/21/2023 12:22:38 PM"
"Container","FILE","adm12","\\CloudMate\Container\container-station-data\lib\docker\overlay2\l\IPSLPCFWIGUKRPEK3FQROXBIHY\opt\gitlab\embedded\share\terminfo\A\adm12","0","7/21/2023 12:22:38 PM"
"Container","FILE","adm12","\\CloudMate\Container\container-station-data\lib\docker\overlay2\l\IPSLPCFWIGUKRPEK3FQROXBIHY\opt\gitlab\embedded\share\terminfo\a\adm12","0","7/21/2023 12:22:38 PM"
"Container","FILE","adm1a","\\CloudMate\Container\container-station-data\lib\docker\overlay2\l\IPSLPCFWIGUKRPEK3FQROXBIHY\opt\gitlab\embedded\share\terminfo\A\adm1a","0","7/21/2023 12:22:38 PM"
"Container","FILE","adm1a","\\CloudMate\Container\container-station-data\lib\docker\overlay2\l\IPSLPCFWIGUKRPEK3FQROXBIHY\opt\gitlab\embedded\share\terminfo\a\adm1a","0","7/21/2023 12:22:38 PM"
"Container","FILE","dm1520","\\CloudMate\Container\container-station-data\lib\docker\overlay2\l\IPSLPCFWIGUKRPEK3FQROXBIHY\opt\gitlab\embedded\share\terminfo\d\dm1520","0","7/21/2023 12:22:38 PM"
"Container","FILE","dm1521","\\CloudMate\Container\container-station-data\lib\docker\overlay2\l\IPSLPCFWIGUKRPEK3FQROXBIHY\opt\gitlab\embedded\share\terminfo\d\dm1521","0","7/21/2023 12:22:38 PM"
"Container","FILE","adm1","\\CloudMate\Container\container-station-data\lib\docker\overlay2\l\XQC2RAGHB3JOCXQOG4GMJT5EO4\opt\gitlab\embedded\lib\terminfo\A\adm1","0","7/21/2023 11:59:56 AM"
"Container","FILE","adm1","\\CloudMate\Container\container-station-data\lib\docker\overlay2\l\XQC2RAGHB3JOCXQOG4GMJT5EO4\opt\gitlab\embedded\lib\terminfo\a\adm1","0","7/21/2023 11:59:56 AM"
"Container","FILE","adm11","\\CloudMate\Container\container-station-data\lib\docker\overlay2\l\XQC2RAGHB3JOCXQOG4GMJT5EO4\opt\gitlab\embedded\lib\terminfo\a\adm11","0","7/21/2023 11:59:56 AM"
"Container","FILE","adm11","\\CloudMate\Container\container-station-data\lib\docker\overlay2\l\XQC2RAGHB3JOCXQOG4GMJT5EO4\opt\gitlab\embedded\lib\terminfo\A\adm11","0","7/21/2023 11:59:56 AM"
"Container","FILE","adm1178","\\CloudMate\Container\container-station-data\lib\docker\overlay2\l\XQC2RAGHB3JOCXQOG4GMJT5EO4\opt\gitlab\embedded\lib\terminfo\a\adm1178","0","7/21/2023 11:59:56 AM"
"Container","FILE","adm1178","\\CloudMate\Container\container-station-data\lib\docker\overlay2\l\XQC2RAGHB3JOCXQOG4GMJT5EO4\opt\gitlab\embedded\lib\terminfo\A\adm1178","0","7/21/2023 11:59:56 AM"
"Container","FILE","adm12","\\CloudMate\Container\container-station-data\lib\docker\overlay2\l\XQC2RAGHB3JOCXQOG4GMJT5EO4\opt\gitlab\embedded\lib\terminfo\A\adm12","0","7/21/2023 11:59:56 AM"
"Container","FILE","adm12","\\CloudMate\Container\container-station-data\lib\docker\overlay2\l\XQC2RAGHB3JOCXQOG4GMJT5EO4\opt\gitlab\embedded\lib\terminfo\a\adm12","0","7/21/2023 11:59:56 AM"
"Container","FILE","adm1a","\\CloudMate\Container\container-station-data\lib\docker\overlay2\l\XQC2RAGHB3JOCXQOG4GMJT5EO4\opt\gitlab\embedded\lib\terminfo\A\adm1a","0","7/21/2023 11:59:56 AM"
"Container","FILE","adm1a","\\CloudMate\Container\container-station-data\lib\docker\overlay2\l\XQC2RAGHB3JOCXQOG4GMJT5EO4\opt\gitlab\embedded\lib\terminfo\a\adm1a","0","7/21/2023 11:59:56 AM"
"Container","FILE","dm1520","\\CloudMate\Container\container-station-data\lib\docker\overlay2\l\XQC2RAGHB3JOCXQOG4GMJT5EO4\opt\gitlab\embedded\lib\terminfo\d\dm1520","0","7/21/2023 11:59:56 AM"
"Container","FILE","dm1521","\\CloudMate\Container\container-station-data\lib\docker\overlay2\l\XQC2RAGHB3JOCXQOG4GMJT5EO4\opt\gitlab\embedded\lib\terminfo\d\dm1521","0","7/21/2023 11:59:56 AM"
"Container","FILE","adm1","\\CloudMate\Container\container-station-data\lib\docker\overlay2\l\XQC2RAGHB3JOCXQOG4GMJT5EO4\opt\gitlab\embedded\share\terminfo\A\adm1","0","7/21/2023 11:59:56 AM"
"Container","FILE","adm1","\\CloudMate\Container\container-station-data\lib\docker\overlay2\l\XQC2RAGHB3JOCXQOG4GMJT5EO4\opt\gitlab\embedded\share\terminfo\a\adm1","0","7/21/2023 11:59:56 AM"
"Container","FILE","adm11","\\CloudMate\Container\container-station-data\lib\docker\overlay2\l\XQC2RAGHB3JOCXQOG4GMJT5EO4\opt\gitlab\embedded\share\terminfo\A\adm11","0","7/21/2023 11:59:56 AM"
"Container","FILE","adm11","\\CloudMate\Container\container-station-data\lib\docker\overlay2\l\XQC2RAGHB3JOCXQOG4GMJT5EO4\opt\gitlab\embedded\share\terminfo\a\adm11","0","7/21/2023 11:59:56 AM"
"Container","FILE","adm1178","\\CloudMate\Container\container-station-data\lib\docker\overlay2\l\XQC2RAGHB3JOCXQOG4GMJT5EO4\opt\gitlab\embedded\share\terminfo\a\adm1178","0","7/21/2023 11:59:56 AM"
"Container","FILE","adm1178","\\CloudMate\Container\container-station-data\lib\docker\overlay2\l\XQC2RAGHB3JOCXQOG4GMJT5EO4\opt\gitlab\embedded\share\terminfo\A\adm1178","0","7/21/2023 11:59:56 AM"
"Container","FILE","adm12","\\CloudMate\Container\container-station-data\lib\docker\overlay2\l\XQC2RAGHB3JOCXQOG4GMJT5EO4\opt\gitlab\embedded\share\terminfo\A\adm12","0","7/21/2023 11:59:56 AM"
"Container","FILE","adm12","\\CloudMate\Container\container-station-data\lib\docker\overlay2\l\XQC2RAGHB3JOCXQOG4GMJT5EO4\opt\gitlab\embedded\share\terminfo\a\adm12","0","7/21/2023 11:59:56 AM"
"Container","FILE","adm1a","\\CloudMate\Container\container-station-data\lib\docker\overlay2\l\XQC2RAGHB3JOCXQOG4GMJT5EO4\opt\gitlab\embedded\share\terminfo\A\adm1a","0","7/21/2023 11:59:56 AM"
"Container","FILE","adm1a","\\CloudMate\Container\container-station-data\lib\docker\overlay2\l\XQC2RAGHB3JOCXQOG4GMJT5EO4\opt\gitlab\embedded\share\terminfo\a\adm1a","0","7/21/2023 11:59:56 AM"
"Container","FILE","dm1520","\\CloudMate\Container\container-station-data\lib\docker\overlay2\l\XQC2RAGHB3JOCXQOG4GMJT5EO4\opt\gitlab\embedded\share\terminfo\d\dm1520","0","7/21/2023 11:59:56 AM"
"Container","FILE","dm1521","\\CloudMate\Container\container-station-data\lib\docker\overlay2\l\XQC2RAGHB3JOCXQOG4GMJT5EO4\opt\gitlab\embedded\share\terminfo\d\dm1521","0","7/21/2023 11:59:56 AM"
